
<?xml version="1.0" encoding="UTF-8" standalone="yes"?>
<addon id="repository.cralin" name="cralin's Repository" version="1.0.1" provider-name="cralin">
	<extension point="xbmc.addon.repository" name="cralin's Repository">
		<dir>
			<hashes>false</hashes>
			<info compressed="false">https://github.com/cralin/repository.cralin.repodata/raw/repository/addons.xml</info>
			<checksum>https://github.com/cralin/repository.cralin.repodata/raw/repository/addons.xml.md5</checksum>
			<datadir zip="true">https://github.com/cralin/repository.cralin.repodata/raw/repository/.packages</datadir>
		</dir>
		<dir minversion="19.0.0" maxversion="19.80.00">
			<hashes>false</hashes>
			<info compressed="false">https://github.com/cralin/repository.cralin.repodata/raw/Kodi_19/addons.xml</info>
			<checksum>https://github.com/cralin/repository.cralin.repodata/raw/Kodi_19/addons.xml.md5</checksum>
			<datadir zip="true">https://github.com/cralin/repository.cralin.repodata/raw/Kodi_19/.packages</datadir>
		</dir>
		<dir minversion="20.0.0" maxversion="20.80.00">
			<hashes>false</hashes>
			<info compressed="false">https://github.com/cralin/repository.cralin.repodata/raw/Kodi_20/addons.xml</info>
			<checksum>https://github.com/cralin/repository.cralin.repodata/raw/Kodi_20/addons.xml.md5</checksum>
			<datadir zip="true">https://github.com/cralin/repository.cralin.repodata/raw/Kodi_20/.packages</datadir>
		</dir>
		<dir minversion="21.0.0" maxversion="21.80.00">
			<hashes>false</hashes>
			<info compressed="false">https://github.com/cralin/repository.cralin.repodata/raw/Kodi_21/addons.xml</info>
			<checksum>https://github.com/cralin/repository.cralin.repodata/raw/Kodi_21/addons.xml.md5</checksum>
			<datadir zip="true">https://github.com/cralin/repository.cralin.repodata/raw/Kodi_21/.packages</datadir>
		</dir>
	</extension>
	<extension point="xbmc.addon.metadata">
		<summary>cralin's Repository</summary>
		<description>cralin's Repository</description>
		<platform>all</platform>
		<assets>
			<icon></icon>
		</assets>
	</extension>
</addon>
